<?xml version="1.0" encoding="UTF-8" ?>
<module>
    <name>livraisoncamer</name>
    <displayName><![CDATA[LivraisonCamer]]></displayName>
    <version><![CDATA[1.0.0]]></version>
    <description><![CDATA[Avec ce module vos clients pourrons selectionner leurs ville de livraison partout]]></description>
    <author><![CDATA[Youssouf]]></author>
    <tab><![CDATA[]]></tab>
	<confirmUninstall><![CDATA[Are you sure you want to uninstall?]]></confirmUninstall>
    <is_configurable>1</is_configurable>
    <need_instance>1</need_instance>
	<limited_countries></limited_countries>
</module>