<?xml version="1.0" encoding="UTF-8" ?>
<module>
    <name>productsviews</name>
    <displayName><![CDATA[Vitrine 3D]]></displayName>
    <version><![CDATA[1.0.0]]></version>
    <description><![CDATA[Ce module permet de pr&eacute;senter 9 produits du jour en 3D]]></description>
    <author><![CDATA[Youssouf Alioum]]></author>
    <tab><![CDATA[]]></tab>
	<confirmUninstall><![CDATA[Are you sure you want to uninstall?]]></confirmUninstall>
    <is_configurable>1</is_configurable>
    <need_instance>1</need_instance>
	<limited_countries></limited_countries>
</module>